"learn_rate","dropout_rate","l2_reg","units1","units2","mean_auc","mean_epochs"
0.001,0.2,0.1,32,32,0.782141447067261,16
5e-04,0.2,0.1,32,32,0.792453750967979,27
0.001,0.3,0.1,32,32,0.788232803344727,25
5e-04,0.3,0.1,32,32,0.792231142520905,17
0.001,0.4,0.1,32,32,0.78731843829155,21
5e-04,0.4,0.1,32,32,0.790512800216675,21
0.001,0.5,0.1,32,32,0.783257976174355,16
5e-04,0.5,0.1,32,32,0.79213784635067,13
0.001,0.2,0.01,32,32,0.799840778112411,19
5e-04,0.2,0.01,32,32,0.804019972681999,16
0.001,0.3,0.01,32,32,0.799098774790764,6
5e-04,0.3,0.01,32,32,0.804553225636482,18
0.001,0.4,0.01,32,32,0.795420616865158,12
5e-04,0.4,0.01,32,32,0.80373577773571,18
0.001,0.5,0.01,32,32,0.796490922570229,23
5e-04,0.5,0.01,32,32,0.80274261534214,18
0.001,0.2,0.005,32,32,0.799897104501724,17
5e-04,0.2,0.005,32,32,0.805039823055267,24
0.001,0.3,0.005,32,32,0.801242008805275,12
5e-04,0.3,0.005,32,32,0.803993090987206,14
0.001,0.4,0.005,32,32,0.800457462668419,9
5e-04,0.4,0.005,32,32,0.805048167705536,21
0.001,0.5,0.005,32,32,0.802742183208466,19
5e-04,0.5,0.005,32,32,0.804349467158318,13
0.001,0.2,0.001,32,32,0.801452159881592,22
5e-04,0.2,0.001,32,32,0.799987033009529,31
0.001,0.3,0.001,32,32,0.802335321903229,16
5e-04,0.3,0.001,32,32,0.804120734333992,23
0.001,0.4,0.001,32,32,0.803583472967148,18
5e-04,0.4,0.001,32,32,0.803318604826927,27
0.001,0.5,0.001,32,32,0.80266547203064,23
5e-04,0.5,0.001,32,32,0.805714428424835,16
0.001,0.2,0.1,64,32,0.787893652915955,11
5e-04,0.2,0.1,64,32,0.792751237750053,12
0.001,0.3,0.1,64,32,0.786251857876778,16
5e-04,0.3,0.1,64,32,0.791978478431702,20
0.001,0.4,0.1,64,32,0.788412988185883,12
5e-04,0.4,0.1,64,32,0.791715830564499,19
0.001,0.5,0.1,64,32,0.781373679637909,18
5e-04,0.5,0.1,64,32,0.79111485183239,21
0.001,0.2,0.01,64,32,0.800501123070717,18
5e-04,0.2,0.01,64,32,0.80302494764328,15
0.001,0.3,0.01,64,32,0.800663694739342,12
5e-04,0.3,0.01,64,32,0.803252711892128,22
0.001,0.4,0.01,64,32,0.797673434019089,16
5e-04,0.4,0.01,64,32,0.80297826230526,15
0.001,0.5,0.01,64,32,0.795522823929787,23
5e-04,0.5,0.01,64,32,0.799996599555016,15
0.001,0.2,0.005,64,32,0.801182985305786,9
5e-04,0.2,0.005,64,32,0.804079547524452,15
0.001,0.3,0.005,64,32,0.800945997238159,19
5e-04,0.3,0.005,64,32,0.80634069442749,17
0.001,0.4,0.005,64,32,0.801692456007004,13
5e-04,0.4,0.005,64,32,0.804053768515587,32
0.001,0.5,0.005,64,32,0.799645811319351,12
5e-04,0.5,0.005,64,32,0.805613279342651,28
0.001,0.2,0.001,64,32,0.80229826271534,18
5e-04,0.2,0.001,64,32,0.598470315337181,18
0.001,0.3,0.001,64,32,0.80127489566803,22
5e-04,0.3,0.001,64,32,0.802865132689476,21
0.001,0.4,0.001,64,32,0.803387716412544,13
5e-04,0.4,0.001,64,32,0.799453228712082,31
0.001,0.5,0.001,64,32,0.804101303219795,8
5e-04,0.5,0.001,64,32,0.805254280567169,24
0.001,0.2,0.1,128,32,0.786380350589752,16
5e-04,0.2,0.1,128,32,0.791433081030846,26
0.001,0.3,0.1,128,32,0.787085518240929,10
5e-04,0.3,0.1,128,32,0.792183235287666,22
0.001,0.4,0.1,128,32,0.78909569978714,20
5e-04,0.4,0.1,128,32,0.789765730500221,18
0.001,0.5,0.1,128,32,0.789315029978752,21
5e-04,0.5,0.1,128,32,0.789827063679695,11
0.001,0.2,0.01,128,32,0.800764665007591,24
5e-04,0.2,0.01,128,32,0.80306650698185,16
0.001,0.3,0.01,128,32,0.801382079720497,14
5e-04,0.3,0.01,128,32,0.803646326065063,20
0.001,0.4,0.01,128,32,0.797880873084068,12
5e-04,0.4,0.01,128,32,0.801122710108757,12
0.001,0.5,0.01,128,32,0.798617288470268,12
5e-04,0.5,0.01,128,32,0.802134066820145,12
0.001,0.2,0.005,128,32,0.800568521022797,28
5e-04,0.2,0.005,128,32,0.805827632546425,18
0.001,0.3,0.005,128,32,0.801059633493423,11
5e-04,0.3,0.005,128,32,0.800804272294044,18
0.001,0.4,0.005,128,32,0.801057144999504,9
5e-04,0.4,0.005,128,32,0.80513522028923,11
0.001,0.5,0.005,128,32,0.79899725317955,15
5e-04,0.5,0.005,128,32,0.802892670035362,21
0.001,0.2,0.001,128,32,0.800481855869293,13
5e-04,0.2,0.001,128,32,0.796886071562767,29
0.001,0.3,0.001,128,32,0.802660882472992,28
5e-04,0.3,0.001,128,32,0.799944370985031,24
0.001,0.4,0.001,128,32,0.802461937069893,18
5e-04,0.4,0.001,128,32,0.803820878267288,26
0.001,0.5,0.001,128,32,0.803974255919456,19
5e-04,0.5,0.001,128,32,0.804005175828934,29
0.001,0.2,0.1,256,32,0.785739690065384,15
5e-04,0.2,0.1,256,32,0.792005315423012,16
0.001,0.3,0.1,256,32,0.786697670817375,10
5e-04,0.3,0.1,256,32,0.790115311741829,18
0.001,0.4,0.1,256,32,0.585091650485992,10
5e-04,0.4,0.1,256,32,0.789580687880516,20
0.001,0.5,0.1,256,32,0.783681154251099,23
5e-04,0.5,0.1,256,32,0.78851155936718,23
0.001,0.2,0.01,256,32,0.802850186824799,19
5e-04,0.2,0.01,256,32,0.805711105465889,10
0.001,0.3,0.01,256,32,0.797682091593742,16
5e-04,0.3,0.01,256,32,0.802990689873695,21
0.001,0.4,0.01,256,32,0.79602524638176,16
5e-04,0.4,0.01,256,32,0.801765948534012,18
0.001,0.5,0.01,256,32,0.795586124062538,24
5e-04,0.5,0.01,256,32,0.801771372556686,16
0.001,0.2,0.005,256,32,0.799845471978188,19
5e-04,0.2,0.005,256,32,0.804981872439384,12
0.001,0.3,0.005,256,32,0.799994722008705,20
5e-04,0.3,0.005,256,32,0.804176062345505,19
0.001,0.4,0.005,256,32,0.801114112138748,14
5e-04,0.4,0.005,256,32,0.802925080060959,13
0.001,0.5,0.005,256,32,0.800850376486778,21
5e-04,0.5,0.005,256,32,0.802577212452888,17
0.001,0.2,0.001,256,32,0.803921431303024,14
5e-04,0.2,0.001,256,32,0.795254036784172,35
0.001,0.3,0.001,256,32,0.802769333124161,25
5e-04,0.3,0.001,256,32,0.798548728227615,20
0.001,0.4,0.001,256,32,0.801723599433899,27
5e-04,0.4,0.001,256,32,0.803925350308418,16
0.001,0.5,0.001,256,32,0.802143424749374,16
5e-04,0.5,0.001,256,32,0.802759453654289,18
0.001,0.2,0.1,64,64,0.789799183607101,10
5e-04,0.2,0.1,64,64,0.79334132373333,21
0.001,0.3,0.1,64,64,0.783878102898598,8
5e-04,0.3,0.1,64,64,0.791639670729637,15
0.001,0.4,0.1,64,64,0.781924232840538,6
5e-04,0.4,0.1,64,64,0.790729269385338,13
0.001,0.5,0.1,64,64,0.78186146914959,14
5e-04,0.5,0.1,64,64,0.790375024080276,16
0.001,0.2,0.01,64,64,0.800743386149406,14
5e-04,0.2,0.01,64,64,0.803616568446159,17
0.001,0.3,0.01,64,64,0.801064476370811,24
5e-04,0.3,0.01,64,64,0.803157106041908,20
0.001,0.4,0.01,64,64,0.800240099430084,10
5e-04,0.4,0.01,64,64,0.801980257034302,16
0.001,0.5,0.01,64,64,0.797127723693848,34
5e-04,0.5,0.01,64,64,0.801517888903618,16
0.001,0.2,0.005,64,64,0.801671490073204,11
5e-04,0.2,0.005,64,64,0.805704519152641,19
0.001,0.3,0.005,64,64,0.800074502825737,30
5e-04,0.3,0.005,64,64,0.806228846311569,16
0.001,0.4,0.005,64,64,0.803300380706787,19
5e-04,0.4,0.005,64,64,0.803774788975716,19
0.001,0.5,0.005,64,64,0.799101620912552,19
5e-04,0.5,0.005,64,64,0.804514229297638,25
0.001,0.2,0.001,64,64,0.802155926823616,13
5e-04,0.2,0.001,64,64,0.798631459474564,17
0.001,0.3,0.001,64,64,0.802033796906471,12
5e-04,0.3,0.001,64,64,0.800673231482506,27
0.001,0.4,0.001,64,64,0.803944706916809,23
5e-04,0.4,0.001,64,64,0.801490351557732,21
0.001,0.5,0.001,64,64,0.803687483072281,18
5e-04,0.5,0.001,64,64,0.804243728518486,22
0.001,0.2,0.1,128,64,0.788025721907616,10
5e-04,0.2,0.1,128,64,0.794151544570923,27
0.001,0.3,0.1,128,64,0.787675574421883,18
5e-04,0.3,0.1,128,64,0.794217348098755,14
0.001,0.4,0.1,128,64,0.78099213540554,18
5e-04,0.4,0.1,128,64,0.791778355836868,22
0.001,0.5,0.1,128,64,0.782036572694778,19
5e-04,0.5,0.1,128,64,0.788260892033577,14
0.001,0.2,0.01,128,64,0.799038425087929,8
5e-04,0.2,0.01,128,64,0.803871884942055,15
0.001,0.3,0.01,128,64,0.800100028514862,21
5e-04,0.3,0.01,128,64,0.801994189620018,17
0.001,0.4,0.01,128,64,0.798667088150978,12
5e-04,0.4,0.01,128,64,0.80095499753952,19
0.001,0.5,0.01,128,64,0.797987639904022,17
5e-04,0.5,0.01,128,64,0.802090048789978,20
0.001,0.2,0.005,128,64,0.802596732974052,12
5e-04,0.2,0.005,128,64,0.800666257739067,13
0.001,0.3,0.005,128,64,0.801349431276321,16
5e-04,0.3,0.005,128,64,0.804662108421326,9
0.001,0.4,0.005,128,64,0.801973909139633,13
5e-04,0.4,0.005,128,64,0.804231896996498,19
0.001,0.5,0.005,128,64,0.800286993384361,20
5e-04,0.5,0.005,128,64,0.804870113730431,31
0.001,0.2,0.001,128,64,0.800740286707878,21
5e-04,0.2,0.001,128,64,0.792976602911949,19
0.001,0.3,0.001,128,64,0.803647190332413,27
5e-04,0.3,0.001,128,64,0.800207555294037,20
0.001,0.4,0.001,128,64,0.803869158029556,9
5e-04,0.4,0.001,128,64,0.802706658840179,18
0.001,0.5,0.001,128,64,0.803567945957184,20
5e-04,0.5,0.001,128,64,0.804454892873764,18
0.001,0.2,0.1,256,64,0.786379441618919,9
5e-04,0.2,0.1,256,64,0.795017957687378,21
0.001,0.3,0.1,256,64,0.785076484084129,16
5e-04,0.3,0.1,256,64,0.791813522577286,15
0.001,0.4,0.1,256,64,0.785659164190292,19
5e-04,0.4,0.1,256,64,0.793154180049896,27
0.001,0.5,0.1,256,64,0.59066641330719,6
5e-04,0.5,0.1,256,64,0.790040582418442,34
0.001,0.2,0.01,256,64,0.801632210612297,11
5e-04,0.2,0.01,256,64,0.805693179368973,13
0.001,0.3,0.01,256,64,0.799861297011375,15
5e-04,0.3,0.01,256,64,0.801079511642456,16
0.001,0.4,0.01,256,64,0.799338489770889,16
5e-04,0.4,0.01,256,64,0.803341940045357,24
0.001,0.5,0.01,256,64,0.794891804456711,7
5e-04,0.5,0.01,256,64,0.800791770219803,21
0.001,0.2,0.005,256,64,0.799129396677017,13
5e-04,0.2,0.005,256,64,0.802623629570007,31
0.001,0.3,0.005,256,64,0.801592916250229,17
5e-04,0.3,0.005,256,64,0.804175555706024,17
0.001,0.4,0.005,256,64,0.799468144774437,8
5e-04,0.4,0.005,256,64,0.80415877699852,15
0.001,0.5,0.005,256,64,0.797795534133911,15
5e-04,0.5,0.005,256,64,0.801279008388519,17
0.001,0.2,0.001,256,64,0.800680607557297,19
5e-04,0.2,0.001,256,64,0.797930270433426,16
0.001,0.3,0.001,256,64,0.80223636329174,31
5e-04,0.3,0.001,256,64,0.800223425030708,17
0.001,0.4,0.001,256,64,0.802892923355103,18
5e-04,0.4,0.001,256,64,0.803294509649277,20
0.001,0.5,0.001,256,64,0.804375514388084,22
5e-04,0.5,0.001,256,64,0.806373119354248,14
0.001,0.2,0.1,128,128,0.785677835345268,14
5e-04,0.2,0.1,128,128,0.793144047260284,17
0.001,0.3,0.1,128,128,0.786470174789429,9
5e-04,0.3,0.1,128,128,0.793459475040436,21
0.001,0.4,0.1,128,128,0.784465193748474,10
5e-04,0.4,0.1,128,128,0.791553735733032,13
0.001,0.5,0.1,128,128,0.785851314663887,13
5e-04,0.5,0.1,128,128,0.791775390505791,24
0.001,0.2,0.01,128,128,0.801564395427704,21
5e-04,0.2,0.01,128,128,0.802565902471542,13
0.001,0.3,0.01,128,128,0.799141809344292,15
5e-04,0.3,0.01,128,128,0.804421365261078,7
0.001,0.4,0.01,128,128,0.796956345438957,18
5e-04,0.4,0.01,128,128,0.803450629115105,12
0.001,0.5,0.01,128,128,0.798126310110092,15
5e-04,0.5,0.01,128,128,0.801642388105392,10
0.001,0.2,0.005,128,128,0.801438093185425,13
5e-04,0.2,0.005,128,128,0.603847071528435,12
0.001,0.3,0.005,128,128,0.799295544624329,14
5e-04,0.3,0.005,128,128,0.805019930005074,16
0.001,0.4,0.005,128,128,0.799178764224052,7
5e-04,0.4,0.005,128,128,0.803032770752907,21
0.001,0.5,0.005,128,128,0.798298060894012,14
5e-04,0.5,0.005,128,128,0.803799539804459,10
0.001,0.2,0.001,128,128,0.801970511674881,15
5e-04,0.2,0.001,128,128,0.795026227831841,25
0.001,0.3,0.001,128,128,0.803007245063782,7
5e-04,0.3,0.001,128,128,0.798334702849388,21
0.001,0.4,0.001,128,128,0.802782818675041,17
5e-04,0.4,0.001,128,128,0.801708817481995,20
0.001,0.5,0.001,128,128,0.802460089325905,17
5e-04,0.5,0.001,128,128,0.802803918719292,14
0.001,0.2,0.1,256,128,0.788922056555748,17
5e-04,0.2,0.1,256,128,0.79410009086132,16
0.001,0.3,0.1,256,128,0.787269353866577,28
5e-04,0.3,0.1,256,128,0.792330145835876,9
0.001,0.4,0.1,256,128,0.780584260821342,18
5e-04,0.4,0.1,256,128,0.791989132761955,19
0.001,0.5,0.1,256,128,0.786209926009178,16
5e-04,0.5,0.1,256,128,0.7897869348526,12
0.001,0.2,0.01,256,128,0.80171374976635,11
5e-04,0.2,0.01,256,128,0.801595270633698,22
0.001,0.3,0.01,256,128,0.798511058092117,13
5e-04,0.3,0.01,256,128,0.80252867937088,15
0.001,0.4,0.01,256,128,0.797632038593292,16
5e-04,0.4,0.01,256,128,0.801104292273521,24
0.001,0.5,0.01,256,128,0.797796860337257,12
5e-04,0.5,0.01,256,128,0.801920652389526,9
0.001,0.2,0.005,256,128,0.80009663105011,15
5e-04,0.2,0.005,256,128,0.801329836249352,15
0.001,0.3,0.005,256,128,0.80240386724472,9
5e-04,0.3,0.005,256,128,0.803864315152168,20
0.001,0.4,0.005,256,128,0.799284368753433,13
5e-04,0.4,0.005,256,128,0.804241478443146,23
0.001,0.5,0.005,256,128,0.79801070690155,10
5e-04,0.5,0.005,256,128,0.803708270192146,11
0.001,0.2,0.001,256,128,0.802023410797119,10
5e-04,0.2,0.001,256,128,0.795275747776031,14
0.001,0.3,0.001,256,128,0.801783546805382,14
5e-04,0.3,0.001,256,128,0.800491169095039,19
0.001,0.4,0.001,256,128,0.803728029131889,18
5e-04,0.4,0.001,256,128,0.797180682420731,32
0.001,0.5,0.001,256,128,0.803329855203629,17
5e-04,0.5,0.001,256,128,0.802755936980247,32
0.001,0.2,0.1,256,256,0.786714613437653,13
5e-04,0.2,0.1,256,256,0.793481335043907,13
0.001,0.3,0.1,256,256,0.787393301725388,8
5e-04,0.3,0.1,256,256,0.791241809725761,9
0.001,0.4,0.1,256,256,0.787222698330879,29
5e-04,0.4,0.1,256,256,0.792317241430283,21
0.001,0.5,0.1,256,256,0.781080022454262,15
5e-04,0.5,0.1,256,256,0.791778802871704,17
0.001,0.2,0.01,256,256,0.798564165830612,13
5e-04,0.2,0.01,256,256,0.80317859351635,26
0.001,0.3,0.01,256,256,0.798307806253433,14
5e-04,0.3,0.01,256,256,0.802109658718109,17
0.001,0.4,0.01,256,256,0.799053564667702,16
5e-04,0.4,0.01,256,256,0.803266778588295,22
0.001,0.5,0.01,256,256,0.796925514936447,13
5e-04,0.5,0.01,256,256,0.800731018185616,10
0.001,0.2,0.005,256,256,0.802940666675568,16
5e-04,0.2,0.005,256,256,0.804657801985741,18
0.001,0.3,0.005,256,256,0.600023537874222,12
5e-04,0.3,0.005,256,256,0.802380353212357,15
0.001,0.4,0.005,256,256,0.801339939236641,19
5e-04,0.4,0.005,256,256,0.802717328071594,9
0.001,0.5,0.005,256,256,0.799420341849327,20
5e-04,0.5,0.005,256,256,0.800995394587517,13
0.001,0.2,0.001,256,256,0.804214850068092,15
5e-04,0.2,0.001,256,256,0.798561379313469,21
0.001,0.3,0.001,256,256,0.803565725684166,16
5e-04,0.3,0.001,256,256,0.799529433250427,24
0.001,0.4,0.001,256,256,0.803441554307938,18
5e-04,0.4,0.001,256,256,0.802808165550232,17
0.001,0.5,0.001,256,256,0.804298564791679,14
5e-04,0.5,0.001,256,256,0.803035944700241,9
